{
  "steps": [
    0,
    5000,
    10000,
    15000,
    20000,
    25000,
    30000,
    35000,
    40000,
    45000,
    50000,
    55000,
    60000,
    65000,
    70000,
    75000,
    80000,
    85000,
    90000,
    90000,
    90000,
    95000,
    100000,
    105000,
    110000,
    115000,
    120000,
    125000,
    130000,
    135000,
    140000,
    145000,
    150000,
    155000,
    160000,
    165000,
    170000,
    175000,
    180000,
    185000,
    190000,
    195000,
    190000,
    195000,
    200000,
    205000,
    210000,
    215000,
    220000,
    225000,
    230000,
    235000,
    240000,
    240000,
    245000,
    250000,
    255000,
    260000,
    260000,
    265000,
    270000,
    275000,
    280000,
    285000,
    290000,
    295000,
    300000,
    305000,
    310000,
    315000,
    320000,
    325000,
    330000,
    335000,
    340000,
    345000,
    350000,
    355000,
    360000,
    360000,
    365000,
    370000,
    375000,
    380000,
    385000,
    390000,
    395000,
    400000,
    405000,
    410000,
    415000,
    420000,
    425000,
    430000,
    435000,
    440000,
    445000,
    450000,
    455000,
    460000,
    460000,
    465000,
    470000,
    475000,
    480000,
    485000,
    490000
  ],
  "d_public_err": [
    1.5178221464157104,
    0.9798758029937744,
    1.0037448406219482,
    1.0055278539657593,
    1.0466079711914062,
    0.9986368417739868,
    0.9524506330490112,
    1.0484669208526611,
    1.0302445888519287,
    0.9558082222938538,
    0.9561930894851685,
    1.0267724990844727,
    0.9520983695983887,
    0.9937924146652222,
    1.0517369508743286,
    0.9952863454818726,
    0.9852621555328369,
    0.9718061685562134,
    0.987101137638092,
    0.9794391393661499,
    1.0612151622772217,
    0.9393079876899719,
    0.9799560904502869,
    0.9848545789718628,
    1.0398132801055908,
    0.9944432973861694,
    0.952772319316864,
    1.049148440361023,
    1.0301613807678223,
    0.9555573463439941,
    0.9563156366348267,
    1.0284589529037476,
    0.9526716470718384,
    0.993377685546875,
    1.0528405904769897,
    0.9950214624404907,
    0.9866362810134888,
    0.9726883172988892,
    0.9880115389823914,
    1.0242972373962402,
    1.0516818761825562,
    0.9843355417251587,
    1.0600697994232178,
    0.9405643939971924,
    0.9808781147003174,
    0.9835872054100037,
    1.0399047136306763,
    0.9942200183868408,
    0.954047679901123,
    1.0502967834472656,
    1.0306620597839355,
    0.9556649327278137,
    0.9567663073539734,
    1.060278058052063,
    0.94139564037323,
    0.9814024567604065,
    0.9831214547157288,
    1.0401713848114014,
    1.0604411363601685,
    0.9418795704841614,
    0.9818609952926636,
    0.9830254316329956,
    1.0404256582260132,
    0.9945760369300842,
    0.9554860591888428,
    1.051689863204956,
    1.0315203666687012,
    0.9564754962921143,
    0.9579033851623535,
    1.0337281227111816,
    0.9543581604957581,
    0.9936469793319702,
    1.0582085847854614,
    0.9957614541053772,
    0.9930545687675476,
    0.9776524305343628,
    0.9935948252677917,
    1.0280522108078003,
    1.0613172054290771,
    1.0620492696762085,
    0.948449969291687,
    0.9881216287612915,
    0.984623372554779,
    1.046233892440796,
    1.0001438856124878,
    0.966644823551178,
    1.0634218454360962,
    1.0425690412521362,
    0.9681941270828247,
    0.9717483520507812,
    1.0598063468933105,
    0.973979115486145,
    1.0126169919967651,
    1.0964303016662598,
    1.0258660316467285,
    1.0494599342346191,
    1.0386078357696533,
    1.069650411605835,
    1.1125017404556274,
    1.1910622119903564,
    1.1568852663040161,
    1.087276577949524,
    1.1415677070617676,
    1.1212518215179443,
    1.2189791202545166,
    1.1797168254852295,
    1.1846219301223755
  ],
  "d_bob_err": [
    1.0988396406173706,
    0.6500058174133301,
    0.6037262082099915,
    0.6824044585227966,
    0.6738836765289307,
    0.634346067905426,
    0.5904498100280762,
    0.6798118948936462,
    0.682491660118103,
    0.6174002885818481,
    0.6263800263404846,
    0.6305069923400879,
    0.6220971345901489,
    0.6555834412574768,
    0.6945322751998901,
    0.6296724081039429,
    0.664517879486084,
    0.6529634594917297,
    0.6988804936408997,
    0.6435601711273193,
    1.5606635808944702,
    0.6373531222343445,
    0.6003124713897705,
    0.6809130907058716,
    0.6693230867385864,
    0.6306644678115845,
    0.5902099013328552,
    0.6687411069869995,
    0.6813867688179016,
    0.6222044229507446,
    0.6367217898368835,
    0.6304903030395508,
    0.657211184501648,
    0.6534370183944702,
    0.6900293827056885,
    0.6260381937026978,
    0.6540371775627136,
    0.6496426463127136,
    0.6962181925773621,
    0.6418223977088928,
    0.6708909273147583,
    0.6324820518493652,
    0.679970920085907,
    0.6363483667373657,
    0.6008045673370361,
    0.6860227584838867,
    0.6683304309844971,
    0.6312464475631714,
    0.5901217460632324,
    0.6690804958343506,
    0.6736851930618286,
    0.664007842540741,
    0.6280122399330139,
    0.7287344932556152,
    0.636541485786438,
    0.5985425710678101,
    0.6782615780830383,
    0.6708471179008484,
    0.6952030658721924,
    0.6384382843971252,
    0.6007397174835205,
    0.6753557920455933,
    0.6653574705123901,
    0.632199227809906,
    0.5926674604415894,
    0.668055534362793,
    0.6723678112030029,
    0.6133660078048706,
    0.6324948072433472,
    0.6289147734642029,
    0.6559444069862366,
    0.6532162427902222,
    0.6893262267112732,
    0.6214113831520081,
    0.6538936495780945,
    0.6527060866355896,
    0.6996864080429077,
    0.6440997123718262,
    0.6874521970748901,
    0.6929092407226562,
    0.6368767023086548,
    0.6004348397254944,
    0.6759029626846313,
    0.6695008277893066,
    0.6328190565109253,
    0.5909521579742432,
    0.6672650575637817,
    0.6710817217826843,
    0.6574060320854187,
    0.6272988319396973,
    0.6292737126350403,
    0.6467058062553406,
    0.6705011129379272,
    0.6939324140548706,
    0.6279391646385193,
    0.6515156626701355,
    0.6521494388580322,
    0.7044830322265625,
    0.6467104554176331,
    0.7118008136749268,
    0.6844264268875122,
    0.6399806141853333,
    0.6048908829689026,
    0.6791648268699646,
    0.6702080965042114,
    0.6373229622840881,
    0.5908510088920593
  ],